排行榜,评论人数,网址
伊藤美诚VS田志希,12237438,https://s.weibo.com//weibo?q=%23%E4%BC%8A%E8%97%A4%E7%BE%8E%E8%AF%9AVS%E7%94%B0%E5%BF%97%E5%B8%8C%23&Refer=top
王宗源谢思埸男子双人3米板夺金,7802086,https://s.weibo.com//weibo?q=%23%E7%8E%8B%E5%AE%97%E6%BA%90%E8%B0%A2%E6%80%9D%E5%9F%B8%E7%94%B7%E5%AD%90%E5%8F%8C%E4%BA%BA3%E7%B1%B3%E6%9D%BF%E5%A4%BA%E9%87%91%23&Refer=top
张继科发与水谷隼对战视频,2464490,https://s.weibo.com//weibo?q=%23%E5%BC%A0%E7%BB%A7%E7%A7%91%E5%8F%91%E4%B8%8E%E6%B0%B4%E8%B0%B7%E9%9A%BC%E5%AF%B9%E6%88%98%E8%A7%86%E9%A2%91%23&Refer=top
中国奥运逆转夺金名场面,2366438,https://s.weibo.com//weibo?q=%23%E4%B8%AD%E5%9B%BD%E5%A5%A5%E8%BF%90%E9%80%86%E8%BD%AC%E5%A4%BA%E9%87%91%E5%90%8D%E5%9C%BA%E9%9D%A2%23&Refer=top
跳水男子双人3米跳板决赛,2278873,https://s.weibo.com//weibo?q=%23%E8%B7%B3%E6%B0%B4%E7%94%B7%E5%AD%90%E5%8F%8C%E4%BA%BA3%E7%B1%B3%E8%B7%B3%E6%9D%BF%E5%86%B3%E8%B5%9B%23&Refer=top
陈梦是黄晓明表妹,2096107,https://s.weibo.com//weibo?q=%23%E9%99%88%E6%A2%A6%E6%98%AF%E9%BB%84%E6%99%93%E6%98%8E%E8%A1%A8%E5%A6%B9%23&Refer=top
迪丽热巴是在逃公主吧,2078738,https://s.weibo.com//weibo?q=%23%E8%BF%AA%E4%B8%BD%E7%83%AD%E5%B7%B4%E6%98%AF%E5%9C%A8%E9%80%83%E5%85%AC%E4%B8%BB%E5%90%A7%23&Refer=top
水谷隼评价张继科,1939937,https://s.weibo.com//weibo?q=%23%E6%B0%B4%E8%B0%B7%E9%9A%BC%E8%AF%84%E4%BB%B7%E5%BC%A0%E7%BB%A7%E7%A7%91%23&Refer=top
杨倩妈妈说女儿是单身,1743181,https://s.weibo.com//weibo?q=%23%E6%9D%A8%E5%80%A9%E5%A6%88%E5%A6%88%E8%AF%B4%E5%A5%B3%E5%84%BF%E6%98%AF%E5%8D%95%E8%BA%AB%23&Refer=top
4例感染者曾同看一场魅力湘西,1736093,https://s.weibo.com//weibo?q=%234%E4%BE%8B%E6%84%9F%E6%9F%93%E8%80%85%E6%9B%BE%E5%90%8C%E7%9C%8B%E4%B8%80%E5%9C%BA%E9%AD%85%E5%8A%9B%E6%B9%98%E8%A5%BF%23&Refer=top
伊藤美诚晋级奥运会4强,1679316,https://s.weibo.com//weibo?q=%23%E4%BC%8A%E8%97%A4%E7%BE%8E%E8%AF%9A%E6%99%8B%E7%BA%A7%E5%A5%A5%E8%BF%90%E4%BC%9A4%E5%BC%BA%23&Refer=top
如梦之梦长沙演出取消,1545726,https://s.weibo.com//weibo?q=%23%E5%A6%82%E6%A2%A6%E4%B9%8B%E6%A2%A6%E9%95%BF%E6%B2%99%E6%BC%94%E5%87%BA%E5%8F%96%E6%B6%88%23&Refer=top
肖战 谢谢大家对如梦之梦的支持,1495400,https://s.weibo.com//weibo?q=%E8%82%96%E6%88%98%20%E8%B0%A2%E8%B0%A2%E5%A4%A7%E5%AE%B6%E5%AF%B9%E5%A6%82%E6%A2%A6%E4%B9%8B%E6%A2%A6%E7%9A%84%E6%94%AF%E6%8C%81&Refer=top
唐山大地震45周年,1294956,https://s.weibo.com//weibo?q=%23%E5%94%90%E5%B1%B1%E5%A4%A7%E5%9C%B0%E9%9C%8745%E5%91%A8%E5%B9%B4%23&Refer=top
南京疫情已有4例重症,1287282,https://s.weibo.com//weibo?q=%23%E5%8D%97%E4%BA%AC%E7%96%AB%E6%83%85%E5%B7%B2%E6%9C%894%E4%BE%8B%E9%87%8D%E7%97%87%23&Refer=top
杨倩微博换头像,1273567,https://s.weibo.com//weibo?q=%23%E6%9D%A8%E5%80%A9%E5%BE%AE%E5%8D%9A%E6%8D%A2%E5%A4%B4%E5%83%8F%23&Refer=top
樊振东小胖称呼的由来,1197784,https://s.weibo.com//weibo?q=%23%E6%A8%8A%E6%8C%AF%E4%B8%9C%E5%B0%8F%E8%83%96%E7%A7%B0%E5%91%BC%E7%9A%84%E7%94%B1%E6%9D%A5%23&Refer=top
南京疫情传播链增至170人,1109242,https://s.weibo.com//weibo?q=%23%E5%8D%97%E4%BA%AC%E7%96%AB%E6%83%85%E4%BC%A0%E6%92%AD%E9%93%BE%E5%A2%9E%E8%87%B3170%E4%BA%BA%23&Refer=top
马琳从椅子上跳起来了,1078009,https://s.weibo.com//weibo?q=%23%E9%A9%AC%E7%90%B3%E4%BB%8E%E6%A4%85%E5%AD%90%E4%B8%8A%E8%B7%B3%E8%B5%B7%E6%9D%A5%E4%BA%86%23&Refer=top
拜尔斯退出体操全能决赛,1015206,https://s.weibo.com//weibo?q=%23%E6%8B%9C%E5%B0%94%E6%96%AF%E9%80%80%E5%87%BA%E4%BD%93%E6%93%8D%E5%85%A8%E8%83%BD%E5%86%B3%E8%B5%9B%23&Refer=top
原来奥运会还有放狠话环节,939360,https://s.weibo.com//weibo?q=%23%E5%8E%9F%E6%9D%A5%E5%A5%A5%E8%BF%90%E4%BC%9A%E8%BF%98%E6%9C%89%E6%94%BE%E7%8B%A0%E8%AF%9D%E7%8E%AF%E8%8A%82%23&Refer=top
中国组合赛艇女子四人双桨夺金,930931,https://s.weibo.com//weibo?q=%23%E4%B8%AD%E5%9B%BD%E7%BB%84%E5%90%88%E8%B5%9B%E8%89%87%E5%A5%B3%E5%AD%90%E5%9B%9B%E4%BA%BA%E5%8F%8C%E6%A1%A8%E5%A4%BA%E9%87%91%23&Refer=top
男教师当众扇女学生被解聘,928277,https://s.weibo.com//weibo?q=%23%E7%94%B7%E6%95%99%E5%B8%88%E5%BD%93%E4%BC%97%E6%89%87%E5%A5%B3%E5%AD%A6%E7%94%9F%E8%A2%AB%E8%A7%A3%E8%81%98%23&Refer=top
陈梦逆转晋级四强,863485,https://s.weibo.com//weibo?q=%23%E9%99%88%E6%A2%A6%E9%80%86%E8%BD%AC%E6%99%8B%E7%BA%A7%E5%9B%9B%E5%BC%BA%23&Refer=top
巅峰时期的林丹有多强,812081,https://s.weibo.com//weibo?q=%23%E5%B7%85%E5%B3%B0%E6%97%B6%E6%9C%9F%E7%9A%84%E6%9E%97%E4%B8%B9%E6%9C%89%E5%A4%9A%E5%BC%BA%23&Refer=top
白岩松说有些球想来奥运输还没机会呢,797778,https://s.weibo.com//weibo?q=%23%E7%99%BD%E5%B2%A9%E6%9D%BE%E8%AF%B4%E6%9C%89%E4%BA%9B%E7%90%83%E6%83%B3%E6%9D%A5%E5%A5%A5%E8%BF%90%E8%BE%93%E8%BF%98%E6%B2%A1%E6%9C%BA%E4%BC%9A%E5%91%A2%23&Refer=top
成都一家三口确诊新冠肺炎,796219,https://s.weibo.com//weibo?q=%23%E6%88%90%E9%83%BD%E4%B8%80%E5%AE%B6%E4%B8%89%E5%8F%A3%E7%A1%AE%E8%AF%8A%E6%96%B0%E5%86%A0%E8%82%BA%E7%82%8E%23&Refer=top
处理未成年人人脸信息须监护人单独同意,784836,https://s.weibo.com//weibo?q=%E5%A4%84%E7%90%86%E6%9C%AA%E6%88%90%E5%B9%B4%E4%BA%BA%E4%BA%BA%E8%84%B8%E4%BF%A1%E6%81%AF%E9%A1%BB%E7%9B%91%E6%8A%A4%E4%BA%BA%E5%8D%95%E7%8B%AC%E5%90%8C%E6%84%8F&Refer=top
微信里可以开借条了,705862,https://s.weibo.com//weibo?q=%23%E5%BE%AE%E4%BF%A1%E9%87%8C%E5%8F%AF%E4%BB%A5%E5%BC%80%E5%80%9F%E6%9D%A1%E4%BA%86%23&Refer=top
河南强降雨已致73人遇难,700805,https://s.weibo.com//weibo?q=%23%E6%B2%B3%E5%8D%97%E5%BC%BA%E9%99%8D%E9%9B%A8%E5%B7%B2%E8%87%B473%E4%BA%BA%E9%81%87%E9%9A%BE%23&Refer=top
才知道东京奥运会吉祥物长这样,598303,https://s.weibo.com//weibo?q=%23%E6%89%8D%E7%9F%A5%E9%81%93%E4%B8%9C%E4%BA%AC%E5%A5%A5%E8%BF%90%E4%BC%9A%E5%90%89%E7%A5%A5%E7%89%A9%E9%95%BF%E8%BF%99%E6%A0%B7%23&Refer=top
众星缅怀唐山大地震逝世者,505985,https://s.weibo.com//weibo?q=%23%E4%BC%97%E6%98%9F%E7%BC%85%E6%80%80%E5%94%90%E5%B1%B1%E5%A4%A7%E5%9C%B0%E9%9C%87%E9%80%9D%E4%B8%96%E8%80%85%23&Refer=top
成毅录制快乐大本营,485395,https://s.weibo.com//weibo?q=%23%E6%88%90%E6%AF%85%E5%BD%95%E5%88%B6%E5%BF%AB%E4%B9%90%E5%A4%A7%E6%9C%AC%E8%90%A5%23&Refer=top
王宗源小时候跳水得靠教练用棍子捞,454095,https://s.weibo.com//weibo?q=%23%E7%8E%8B%E5%AE%97%E6%BA%90%E5%B0%8F%E6%97%B6%E5%80%99%E8%B7%B3%E6%B0%B4%E5%BE%97%E9%9D%A0%E6%95%99%E7%BB%83%E7%94%A8%E6%A3%8D%E5%AD%90%E6%8D%9E%23&Refer=top
中国女排球迷现状,454077,https://s.weibo.com//weibo?q=%23%E4%B8%AD%E5%9B%BD%E5%A5%B3%E6%8E%92%E7%90%83%E8%BF%B7%E7%8E%B0%E7%8A%B6%23&Refer=top
百香果凉拌三文鱼,451303,https://s.weibo.com//weibo?q=%23%E7%99%BE%E9%A6%99%E6%9E%9C%E5%87%89%E6%8B%8C%E4%B8%89%E6%96%87%E9%B1%BC%23&Refer=top
被别人认可很重要吗,448408,https://s.weibo.com//weibo?q=%23%E8%A2%AB%E5%88%AB%E4%BA%BA%E8%AE%A4%E5%8F%AF%E5%BE%88%E9%87%8D%E8%A6%81%E5%90%97%23&Refer=top
把奶茶小料装进甜品,445722,https://s.weibo.com//weibo?q=%23%E6%8A%8A%E5%A5%B6%E8%8C%B6%E5%B0%8F%E6%96%99%E8%A3%85%E8%BF%9B%E7%94%9C%E5%93%81%23&Refer=top
见过最欢乐的运动员,443336,https://s.weibo.com//weibo?q=%23%E8%A7%81%E8%BF%87%E6%9C%80%E6%AC%A2%E4%B9%90%E7%9A%84%E8%BF%90%E5%8A%A8%E5%91%98%23&Refer=top
美国男篮东京奥运首胜,442390,https://s.weibo.com//weibo?q=%E7%BE%8E%E5%9B%BD%E7%94%B7%E7%AF%AE%E4%B8%9C%E4%BA%AC%E5%A5%A5%E8%BF%90%E9%A6%96%E8%83%9C&Refer=top
再见爱人,439309,https://s.weibo.com//weibo?q=%E5%86%8D%E8%A7%81%E7%88%B1%E4%BA%BA&Refer=top
卫辉95后女公交司机转移上百人,437661,https://s.weibo.com//weibo?q=%23%E5%8D%AB%E8%BE%8995%E5%90%8E%E5%A5%B3%E5%85%AC%E4%BA%A4%E5%8F%B8%E6%9C%BA%E8%BD%AC%E7%A7%BB%E4%B8%8A%E7%99%BE%E4%BA%BA%23&Refer=top
俄罗斯选手最后一跳0分,435091,https://s.weibo.com//weibo?q=%E4%BF%84%E7%BD%97%E6%96%AF%E9%80%89%E6%89%8B%E6%9C%80%E5%90%8E%E4%B8%80%E8%B7%B30%E5%88%86&Refer=top
山东已有12市发文暂停一切教学活动,431675,https://s.weibo.com//weibo?q=%23%E5%B1%B1%E4%B8%9C%E5%B7%B2%E6%9C%8912%E5%B8%82%E5%8F%91%E6%96%87%E6%9A%82%E5%81%9C%E4%B8%80%E5%88%87%E6%95%99%E5%AD%A6%E6%B4%BB%E5%8A%A8%23&Refer=top
不只有冠军值得被记住,430917,https://s.weibo.com//weibo?q=%23%E4%B8%8D%E5%8F%AA%E6%9C%89%E5%86%A0%E5%86%9B%E5%80%BC%E5%BE%97%E8%A2%AB%E8%AE%B0%E4%BD%8F%23&Refer=top
如何才能成为一名优秀的赛艇运动员,427475,https://s.weibo.com//weibo?q=%23%E5%A6%82%E4%BD%95%E6%89%8D%E8%83%BD%E6%88%90%E4%B8%BA%E4%B8%80%E5%90%8D%E4%BC%98%E7%A7%80%E7%9A%84%E8%B5%9B%E8%89%87%E8%BF%90%E5%8A%A8%E5%91%98%23&Refer=top
韩红爱心慈善基金会法律意见函,426938,https://s.weibo.com//weibo?q=%23%E9%9F%A9%E7%BA%A2%E7%88%B1%E5%BF%83%E6%85%88%E5%96%84%E5%9F%BA%E9%87%91%E4%BC%9A%E6%B3%95%E5%BE%8B%E6%84%8F%E8%A7%81%E5%87%BD%23&Refer=top
江苏调整最低工资标准,372706,https://s.weibo.com//weibo?q=%23%E6%B1%9F%E8%8B%8F%E8%B0%83%E6%95%B4%E6%9C%80%E4%BD%8E%E5%B7%A5%E8%B5%84%E6%A0%87%E5%87%86%23&Refer=top
天官赐福,371905,https://s.weibo.com//weibo?q=%E5%A4%A9%E5%AE%98%E8%B5%90%E7%A6%8F&Refer=top
少女时代将完整体上综艺,355147,https://s.weibo.com//weibo?q=%23%E5%B0%91%E5%A5%B3%E6%97%B6%E4%BB%A3%E5%B0%86%E5%AE%8C%E6%95%B4%E4%BD%93%E4%B8%8A%E7%BB%BC%E8%89%BA%23&Refer=top
